,name
140816,"Diono RadianRXT Convertible Car Seat, Plum"
87017,Baby Einstein Around The World Discovery Center
52631,Evenflo X Sport Plus Convenience Stroller - Christina
119182,Roan Rocco Classic Pram Stroller 2-in-1 with Bassinet and Seat Unit - Coffee
137034,Graco Pack 'n Play Element Playard - Flint
133651,"Britax 2012 B-Agile Stroller, Red"
168697,"Graco FastAction Fold Jogger Click Connect Stroller, Grapeade"
100166,"Infantino Wrap and Tie Baby Carrier, Black Blueberries"
114796,"Fisher-Price Cradle 'N Swing,  My Little Snugabunny"
168081,Buttons Cloth Diaper Cover - One Size - 8 Color Options
180646,Mamas &amp; Papas 2014 Urbo2 Stroller - Black
14008,"Stork Craft Beatrice Combo Tower Chest, White"
50315,"P'Kolino Silly Soft Seating in Tias, Green"
166827,"Britax Boulevard 70-G3 Convertible Car Seat Seat, Onyx"
147949,"Baby Jogger City Mini GT Single Stroller, Shadow/Orange"
66059,"Evenflo 6 Pack Classic Glass Bottle, 4-Ounce"
165593,"Ikea 36 Pcs Kalas Kids Plastic BPA Free Flatware, Bowl, Plate, Tumbler Set, Colorful"
182089,Summer Infant Wide View Digital Color Video Monitor
147996,"Baby Jogger City Mini GT Double Stroller, Shadow/Orange"
97325,Freemie Hands-Free Concealable Breast Pump Collection System
